,Stress
Jun 28,34
Jul 5,28
Jul 12,28
Jul 19,27
Jul 26,25
Aug 2,37
Aug 16,31
Aug 23,27
Aug 30,23
Sep 6,30
Sep 13,30
Sep 20,33
Sep 27,27
Oct 4,30
Oct 11,27
Oct 18,27
Oct 25,25
Nov 1,24
Nov 8,23
Nov 15,26
Nov 22,25
Nov 29,29
Dec 6,25
Dec 13,23
Dec 20,31
Dec 27,27
Jan 3,22
Jan 10,27
Jan 17,24
Jan 24,29
Jan 31,27
Feb 7,25
Feb 14,24
Feb 21,21
Feb 28,25
Mar 7,25
Mar 14,23
Mar 21,23
Mar 28,25
Apr 4,36
Apr 11,22
Apr 18,26
Apr 25,23
May 2,23
May 9,28
May 16,23
May 23,24
May 30,26
Jun 6,24
Jun 13,30
Jun 20,28